Person A,Person B,A -> B Relationship,
خمینی، سید روح‌الله,خدیجه ثقفی,Husband,
خمینی، سید روح‌الله,سید احمد خمینی,Father,
خمینی، سید روح‌الله,سید مصطفی خمینی,Father,
خمینی، سید روح‌الله,صدیقه مصطفوی,Father,
خمینی، سید روح‌الله,فریده مصطفوی,Father,
خمینی، سید روح‌الله,زهرا مصطفوی,Father,
خمینی، سید روح‌الله,سید حسن خمینی,Grandfather,
خمینی، سید روح‌الله,سید علی خمینی,Grandfather,
خمینی، سید روح‌الله,سید حسین خمینی,Grandfather,
خمینی، سید روح‌الله,سید یاسر خمینی,Grandfather,
خمینی، سید روح‌الله,لیلی بروجردی,Grandfather,
خمینی، سید روح‌الله,مسیح بروجردی,Grandfather,
خمینی، سید روح‌الله,نعیمه اشراقی,Grandfather,
خمینی، سید روح‌الله,نفیسه اشراقی,Grandfather,
خمینی، سید روح‌الله,زهرا اشراقی,Grandfather,
خمینی، سید روح‌الله,علی اشراقی,Grandfather,
خمینی، سید روح‌الله,عاطفه اشراقی,Grandfather,
خمینی، سید روح‌الله,محمدتقی اشراقی,Grandfather,
خمینی، سید روح‌الله,مرتضی اشراقی,Grandfather,
خمینی، سید روح‌الله,زهراسادات روحانی,Grand grandfather,
خمینی، سید روح‌الله,محمود بروجردی,Wife's father,
خمینی، سید روح‌الله,محمدحسن اعرابی,Wife's father,
خمینی، سید روح‌الله,شهاب‌الدین اشراقی,Wife's father,
خمینی، سید احمد,سید روح‌الله خمینی,Son,
خمینی، سید احمد,سیده فاطمه طباطبایی,Husband,
خمینی، سید احمد,سید حسن خمینی,Father,
خمینی، سید احمد,سید علی خمینی,Father,
خمینی، سید احمد,سید یاسر خمینی,Father,
خمینی، سید احمد,محمدباقر طباطبایی,Daughter's husband,
خمینی، سید احمد,سید صادق طباطبایی,Sister's husband,
خمینی، سید احمد,سید مرتضی طباطبایی,Sister's husband,
خمینی، سید احمد,سید محمد صدر,Daughter's husband's father,
خمینی، سید حسن,سید روح‌الله خمینی,Grandson,
خمینی، سید حسن,سید احمد خمینی,Son,
خمینی، سید حسن,سید علی خمینی,Brother,
خمینی، سید حسن,سید یاسر خمینی,Brother,
خمینی، سید حسن,سید محمد موسوی بجنوردی,Daughter's husband,
خمینی، سید مصطفی,سید روح‌الله خمینی,Son,
خمینی، سید مصطفی,سید حسین خمینی,Father,
خمینی، سید مصطفی,سیده مریم خمینی,Father,
خمینی، سید مصطفی,مرتضی حائری یزدی,Daughter's husband,
خمینی، سید یاسر,سید روح‌الله خمینی,Grandson,
خمینی، سید یاسر,سید احمد خمینی,Son,
خمینی، سید یاسر,سید حسن خمینی,Brother,
خمینی، سید یاسر,سید علی خمینی,Brother,
خمینی، سید یاسر,سید محمد صدر,Daughter's husband,
خمینی، سیدعلی,سید احمد خمینی,Son,
خمینی، سیدعلی,سید روح‌الله خمینی,Grandson,
خمینی، سیدعلی,سید حسن خمینی,Brother,
خمینی، سیدعلی,سید یاسر خمینی,Brother,
خمینی، سیدعلی,آیت‌الله شهرستانی,Daughter's husband,
خمینی، سیدعلی,آیت‌الله سیدعلی سیستانی,Granddaughter's husband,
اعرابی، فرشته,سید روح‌الله خمینی,Granddaughter,
اعرابی، فرشته,فریده مصطفوی,Daughter,
اعرابی، فرشته,محمدحسن اعرابی,Daughter,
اعرابی، فرشته,سید مرتضی طباطبایی,Wife,
اعرابی، فرشته,سید عمادالدین طباطبایی,Mother,
اعرابی، فرشته,سید حسین طباطبایی,Mother,
اشراقی، نعیمه,سید روح‌الله خمینی,Granddaughter,
اشراقی، نعیمه,شهاب‌الدین اشراقی,Daughter,
اشراقی، نعیمه,صدیقه مصطفوی,Daughter,
اشراقی، نعیمه,سید جلال الدین طاهری اصفهانی,Son's wife,
اشراقی، شهاب‌الدین,سید روح‌الله خمینی,Daughter's husband,
اشراقی، شهاب‌الدین,صدیقه مصطفوی,Husband,
اشراقی، شهاب‌الدین,نعیمه اشراقی,Father,
اشراقی، شهاب‌الدین,نفیسه اشراقی,Father,
اشراقی، شهاب‌الدین,زهرا اشراقی,Father,
اشراقی، شهاب‌الدین,علی اشراقی,Father,
اشراقی، شهاب‌الدین,عاطفه اشراقی,Father,
اشراقی، شهاب‌الدین,مرتضی اشراقی,Father,
اشراقی، شهاب‌الدین,محمدتقی اشراقی,Father,
اشراقی، مرتضی,سید روح‌الله خمینی,Grandson,
اشراقی، مرتضی,محمدرضا خاتمی,Wife's brother,
اشراقی، مرتضی,سید مصطفی محقق داماد,Granddaughter's husband,
اشراقی، نفیسه,سید روح‌الله خمینی,Granddaughter,
اشراقی، نفیسه,صدیقه مصطفوی,Daughter,
اشراقی، نفیسه,محمدصادق روحانی,Son's wife,
اشراقی، زهرا,محمدرضا خاتمی,Wife,
اشراقی، زهرا,سید روح الله خمینی,Granddaughter,
اشراقی، زهرا,صدیقه مصطفوی,Daughter,
اشراقی، زهرا,شهاب الدین اشراقی,Daughter,
اشراقی، زهرا,سید مسعود خامنه‌ای,Wife's brother's son's wife's mother (مادر عروس برادرزن),
بروجردی، محمود,سید روح‌الله خمینی,Daughter's husband,
بروجردی، محمود,زهرا مصطفوی,Husband,
بروجردی، محمود,مسیح بروجردی,Father,
بروجردی، محمود,لیلی بروجردی,Father,
بروجردی، محمود,سیده هدی طباطبایی,Grandfather,
بروجردی، لیلی,نوه‌ی سید روح‌الله خمینی,Granddaughter,
بروجردی، لیلی,محمود بروجردی,Daughter,
بروجردی، لیلی,زهرا مصطفوی,Daughter,
بروجردی، لیلی,مسیح بروجردی,Sister,
بروجردی، لیلی,سیدعبدالحسین طباطبایی سلطانی,Wife,
بروجردی، لیلی,سیده هدی طباطبایی,Mother,
بروجردی، لیلی,سیده ضحی طباطبایی,Mother,
بروجردی، لیلی,محسن رضایی,Son's wife's mother (مادرعروس),
بروجردی، مسیح,نوه‌ی سید روح‌الله خمینی,Granddaughter,
بروجردی، مسیح,محمود بروجردی,Son,
بروجردی، مسیح,زهرا مصطفوی,Son,
بروجردی، مسیح,لیلی بروجردی,Brother,
بروجردی، مسیح,داماد سید محمد میرمحمدی زرندی,Daughter's husband,
حائری یزدی، مرتضی,پسرعبدالکریم حائری یزدی,Son,
حائری یزدی، مرتضی,مهدی حائری یزدی,‌Brother,
حائری یزدی، مرتضی,سید مصطفی خمینی,Wife's father,
رضایی، محسن,سیده هدی طباطبایی,Husband's father,
رضایی، محسن,برادرامیدواررضایی وهمسرمعصومه خدنگ,Brother,
رضایی، محسن,برادرامیدواررضایی وهمسرمعصومه خدنگ,Husband,
رضایی، امیدوار,محسن رضایی,Brother,
رضایی، امیدوار,سید روح‌الله خمینی,Grand granddaughter's husband's father's brother (عموی شوهر نتیجه‌),
روحانی، زهراسادات,سید روح‌الله خمینی,Grand granddaughter,
روحانی، زهراسادات,نفیسه اشراقی,Daughter,
روحانی، زهراسادات,سید کاظم روحانی,Daughter,
روحانی، زهراسادات,عماد هاشمی بهرمانی,Wife,
صدر، سید محمد,سید یاسر خمینی,Wife's father,
صدر، سید محمد,زهره صادقی,Mother's sister's son,
صدر، سید محمد,فاطمه طباطبایی,Mother's sister's son,
طاهری اصفهانی، سید جلال,نعیمه اشراقی,Husband's father,
طباطبایی سلطانی، سیدعبدالحسین,محمود بروجردی,Daughter's husband,
طباطبایی سلطانی، سیدعبدالحسین,زهرا مصطفوی,Daughter's husband,
طباطبایی سلطانی، سیدعبدالحسین,همسرلیلی بروجردی,Husband,
طباطبایی سلطانی، سیدعبدالحسین,مسیح بروجردی,Sister's husband,
طباطبایی سلطانی، سیدعبدالحسین,سیده هدی طباطبایی,Father,
طباطبایی سلطانی، سید محمدباقر,سید احمد خمینی,Wife's father,
طباطبایی سلطانی، سید محمدباقر,سیدعبدالحسین طباطبایی سلطانی,Father,
طباطبایی سلطانی، سید محمدباقر,سید صادق طباطبایی سلطانی,Father,
طباطبایی سلطانی، سید محمدباقر,سید مرتضی طباطبایی سلطانی,Father,
طباطبایی سلطانی، سید محمدباقر,سیده فاطمه طباطبایی سلطانی,Father,
طباطبایی سلطانی، سید مرتضی,سید احمد خمینی,Wife's brother,
طباطبایی سلطانی، سید مرتضی,سید محمدباقر طباطبایی سلطانی,Son,
طباطبایی سلطانی، سید مرتضی,سید صادق طباطبایی سلطانی,Brother,
طباطبایی سلطانی، سید مرتضی,سید عبدالحسین طباطبایی سلطانی,Brother,
طباطبایی سلطانی، سید مرتضی,سیده فاطمه طباطبایی سلطانی,Brother,
طباطبایی سلطانی، سید مرتضی,همسرفرشته اعرابی,Husband,
طباطبایی سلطانی، سید مرتضی,موسی صدر,Sister's son,
طباطبایی سلطانی، سید مرتضی,سیده هدی طباطبایی,Father's brother,
طباطبایی سلطانی، سید صادق,سید احمد خمینی,Wife's brother,
طباطبایی سلطانی، سید صادق,سید محمدباقر طباطبایی سلطانی,Son,
طباطبایی سلطانی، سید صادق,سید مرتضی طباطبایی سلطانی,Brother,
طباطبایی سلطانی، سید صادق,سید عبدالحسین طباطبایی سلطانی,Brother,
طباطبایی سلطانی، سید صادق,سیده فاطمه طباطبایی سلطانی,Brother,
طباطبایی سلطانی، سید صادق,سید محمد خاتمی,Wife's mother's sister's son (پسرخاله‌ی همسر),
طباطبایی سلطانی، سید صادق,موسی صدر,Sister's son,
طباطبایی سلطانی، سید صادق,فاطمه صدر,Husband,
طباطبایی سلطانی، سید صادق,سیده هدی طباطبایی,Father's brother,
طباطبایی سلطانی، سیده فاطمه,سید محمدباقر طباطبایی سلطانی,Daughter,
طباطبایی سلطانی، سیده فاطمه,سید عبدالحسین طباطبایی سلطانی,Sister,
طباطبایی سلطانی، سیده فاطمه,سید صادق طباطبایی سلطانی,Sister,
طباطبایی سلطانی، سیده فاطمه,سید مرتضی طباطبایی سلطانی,Sister,
طباطبایی سلطانی، سیده فاطمه,سید احمد خمینی,Wife,
طباطبایی سلطانی، سیده فاطمه,زهره صادقی,Mother's sister's daughter,
طباطبایی سلطانی، سیده فاطمه,موسی صدر,Sister's daughter,
طباطبایی سلطانی، سیده هدی,سید روح‌الله خمینی,Grand granddaughter,
طباطبایی سلطانی، سیده هدی,لیلی بروجردی,Daughter,
طباطبایی سلطانی، سیده هدی,سید عبدالحسین طباطبایی سلطانی,Daughter,
طباطبایی سلطانی، سیده هدی,علی رضایی میرقائد,Wife,
طباطبایی سلطانی، سیده هدی,محسن رضایی,Son's wife,
طباطبایی سلطانی، سیده هدی,سید صادق طباطبایی,Brother's daughter,
مصطفوی، زهرا,دخترسید روح‌الله خمینی,Daughter,
مصطفوی، زهرا,همسرمحمود بروجردی ومادرمسیح ولیلی بروجردی,Wife,
مصطفوی، زهرا,همسرمحمود بروجردی ومادرمسیح ولیلی بروجردی,Mother,
مصطفوی، زهرا,همسرمحمود بروجردی ومادرمسیح ولیلی بروجردی,Mother,
مصطفوی، فریده,دختر سید روح‌الله خمینی وهمسر محمدحسن اعرابی,Daughter,
مصطفوی، فریده,دختر سید روح‌الله خمینی وهمسر محمدحسن اعرابی,Wife,
موسوی بجنوردی، سید محمد,پدرهمسرسید حسن خمینی وبرادرسید محمدکاظم موسوی بجنوردی,Wife's father,
موسوی بجنوردی، سید محمد,پدرهمسرسید حسن خمینی وبرادرسید محمدکاظم موسوی بجنوردی,Brother,
موسوی بجنوردی، سید محمدکاظم,برادرسید محمد موسوی بجنوردی وعموی همسرسید حسن خمینی.,Brother,
موسوی بجنوردی، سید محمدکاظم,برادرسید محمد موسوی بجنوردی وعموی همسرسید حسن خمینی.,Wife's father's brother,
هاشمی رفسنجانی، اکبر,عماد هاشمی بهرمانی,Grandfather,
هاشمی رفسنجانی، اکبر,محمد هاشمی بهرمانی,Brother,
هاشمی رفسنجانی، اکبر,فائزه هاشمی بهرمانی,Father,
هاشمی رفسنجانی، اکبر,فاطمه هاشمی بهرمانی,Father,
هاشمی رفسنجانی، اکبر,محسن هاشمی بهرمانی,Father,
هاشمی رفسنجانی، اکبر,یاسر هاشمی بهرمانی,Father,
هاشمی رفسنجانی، اکبر,مهدی هاشمی بهرمانی,Father,
هاشمی رفسنجانی، اکبر,محمد هاشمیان,Wife's brother,
هاشمی رفسنجانی، اکبر,محمد هاشمیان,Father's brother's son,
هاشمی رفسنجانی، اکبر,سید حسین مرعشی,Sister's husband,
هاشمی رفسنجانی، اکبر,مرجان هاشمی بهرمانی,Father's brother,
هاشمی رفسنجانی، اکبر,علی هاشمی بهرمانی,Father's brother,
هاشمی رفسنجانی، اکبر,حسین هاشمیان,Father's brother's son,
هاشمی رفسنجانی، اکبر,عفت مرعشی,Husband,
میرمحمدی [زرندی]، سید ابوالفضل,آیت‌الله سید احمد زنجانی,Daughter's husband,
میرمحمدی [زرندی]، سید ابوالفضل,موسی شبیری زنجانی,Wife's brother,
میرمحمدی [زرندی]، سید ابوالفضل,سید محمد میرمحمدی [زرندی],Father,
میرمحمدی [زرندی]، سید ابوالفضل,مسیح بروجردی,Wife's grandfather,
میرمحمدی [زرندی]، سید محمد,سید ابوالفضل میرمحمدی [زرندی],Son,
میرمحمدی [زرندی]، سید محمد,مسیح بروجردی,Wife's father,
خامنه‌ای، سید علی,سید هادی خامنه‌ای,Brother,
خامنه‌ای، سید علی,سید محمود خامنه‌ای,Brother,
خامنه‌ای، سید علی,پدرسید مجتبی خامنه‌ای,Father,
خامنه‌ای، سید علی,سید مصطفی خامنه‌ای,Father,
خامنه‌ای، سید علی,سید میثم خامنه‌ای,Father,
خامنه‌ای، سید علی,سیده بشری خامنه‌ای,Father,
خامنه‌ای، سید علی,سیده هدی خامنه‌ای,Father,
خامنه‌ای، سید علی,سید مسعود خامنه‌ای,Father,
خامنه‌ای، سید علی,علیمراد تهرانی (شیخ علی تهرانی),Wife's brother,
خامنه‌ای، سید علی,غلامعلی حدادعادل,Daughter's husband's father,
خامنه‌ای، سید علی,حسن خجسته باقرزاده,Sister's husband,
خامنه‌ای، سید علی,منصوره خجسته باقرزاده,Husband,
خامنه‌ای، سید هادی,سید علی خامنه‌ای,Brother,
خامنه‌ای، سید هادی,سید محمود خامنه‌ای,Brother,
خامنه‌ای، سید مسعود,سید علی خامنه‌ای,Son,
خامنه‌ای، سید مسعود,سید صادق خرازی,Sister's husband,
خامنه‌ای، سید مسعود,سید محسن خرازی,Daughter's husband,
خامنه‌ای، سید مسعود,سید محمدصادق خرازی,Sister's husband,
خامنه‌ای، سید مسعود,سید محمدباقر خرازی,Sister's husband,
خامنه‌ای، سید محمد,سید علی خامنه‌ای,Brother,
خامنه‌ای، سید محمد,سید هادی خامنه‌ای,Brother,
خامنه‌ای، سید مجتبی,سید علی خامنه‌ای,Son,
خامنه‌ای، سید مجتبی,غلامعلی حداد عادل,Daughter's husband,
خامنه‌ای، سید مصطفی,سید علی خامنه‌ای,Son,
خامنه‌ای، سید مصطفی,عزیزالله خوشوقت,Daughter's husband,
باقری کنی، محمدباقر,سید علی خامنه‌ای,Daughter's husband's father,
باقری کنی، محمدباقر,محمدرضا مهدوی کنی,Brother,
باقری کنی، محمدباقر,علی باقری کنی,Father,
باقری کنی، محمدباقر,مصباح‌الهدی باقری کنی,Father,
تهرانی، علیمراد [شیخ علی],سید علی خامنه‌‌ای,Sister's husband,
تهرانی، علیمراد [شیخ علی],سید هادی خامنه‌ای,Sister's husband,
تهرانی، علیمراد [شیخ علی],سید محمد خامنه‌ای,Sister's husband,
حداد عادل، غلامعلی,سید مجتبی خامنه‌ای,Wife's father,
حداد عادل، غلامعلی,طیبه ماهروزاده,Husband,
خرازی، سید محسن,سید مسعود خامنه‌ای,Wife's father,
خرازی، سید محسن,سید محمدصادق خرازی,Father,
خرازی، سید محسن,سید محمدباقر خرازی,Father,
خرازی، سید محسن,سید علی نقی (کمال) خرازی,Brother,
خرازی، سید محسن,سید مسعود خامنه‌ای,Wife's father,
خرازی، سید محسن,سید محمدرضا خاتمی,Daughter's husband's grandfather,
خرازی، سید کمال,سید علی خامنه‌ای,Son's wife's father's brother (عموی عروس),
خرازی، سید کمال,سید محمدرضا خاتمی,Daughter's husband's father's brother (عموی داماد),
خرازی، سید کمال,سید محسن خرازی,Brother,
خرازی، سید کمال,منصوره رئیس‌قاسم,Husband,
خرازی، سید کمال,محمدصادق خرازی,Father's brother,
خرازی، سید کمال,محمدباقر خرازی,Father's brother,
خرازی، سید کمال,سیدعلی خامنه‌ای,Son's wife's father's brother (عموی عروس),
خرازی، سید کمال,سید محمدرضا خاتمی,Daughter's husband's father's brother (عموی داماد),
خرازی، سید محمد صادق,سید علی خامنه‌ای,Son's wife's brother,
خرازی، سید محمدباقر,سید علی خامنه‌ای,Son's wife's brother,
خرازی، سید محمدباقر,سید محسن خرازی,Son,
خرازی، سید محمدباقر,سید کمال خرازی,Brother's son,
خرازی، سید محمدباقر,سید محمدصادق خرازی,Brother,
خرازی، سید محمدباقر,سید مسعود خامنه‌ای,Wife's brother,
خرازی، سید محمدباقر,سید محمدرضا خاتمی,Daughter's husband's father's brother (عموی داماد),
محمدی گلپایگانی، محمد,سید علی خامنه‌ای,Daughter's husband's father (همسرسیده بشری خامنه‌ای),
مهدوی کنی، محمدرضا,سید علی خامنه‌ای,Daughter's husband's father's brother (عموی داماد),
مهدوی کنی، محمدرضا,محمدرضا باقری کنی,Brother,
مهدوی کنی، محمدرضا,محمد سعید مهدوی کنی,Father,
مهدوی کنی، محمدرضا,مهدیه مهدوی کنی,Father,
مهدوی کنی، محمدرضا,صدیقه مهدوی کنی,Father,
مهدوی کنی، محمدرضا,محمدعلی شهیدی محلاتی,Daughter's daughter's husband's father (پدرداماد دختر),
مهدوی کنی، محمدرضا,محمدباقر مهدوی کنی,Brother,
مهدوی کنی، محمدرضا,پدرمحمدسعید ومریم مهدوی کنی,Father,FLAG
مهدوی کنی، محمدرضا,پدرمحمدسعید ومریم مهدوی کنی,Father,FLAG
مهدوی کنی، محمدرضا,پدرداماد سید محمدعلی شهیدی محلاتی,,FLAG
واعظ ‌زاده خراسانی، صادق,سید علی خامنه‌ای,Mother's brother's son,
واعظ ‌زاده خراسانی، صادق,سید هادی خامنه‌ای,Mother's brother's son,
واعظ ‌زاده خراسانی، صادق,سید محمد خامنه‌ای,Mother's brother's son,
هاشمی بهرمانی، عماد,اکبرهاشمی رفسنجانی,Grandson,
هاشمی بهرمانی، عماد,محسن هاشمی بهرمانی,Son,
هاشمی بهرمانی، عماد,زهراسادات روحانی,Husband,
هاشمی بهرمانی، فائزه,اکبرهاشمی رفسنجانی,Daughter,
هاشمی بهرمانی، فائزه,حمید لاهوتی اشکوری,Wife,
هاشمی بهرمانی، فائزه,عروس حسن لاهوتی اشکوری و برادرزاده‌ی محمد هاشمی بهرمانی,,
هاشمی بهرمانی، مرجان,برادرزاده‌ی اکبرهاشمی رفسنجانی وهمسربرادرزاده‌ی ابوالفضل خوانساری,,
هاشمی بهرمانی، محمد,برادراکبرهاشمی رفسنجانی,Brother,
هاشمی بهرمانی، محمد,عموی فائزه,,
هاشمی بهرمانی، محمد,فاطمه,,
هاشمی بهرمانی، محمد,محسن,,
هاشمی بهرمانی، محمد,یاسرو مهدی هاشمی بهرمانی. عروس او هم نوه‌ی سید عبدالکریم موسوی اردبیلی است وهم نوه‌ی عبدالله جوادی آملی,,
هاشمی بهرمانی، فاطمه,دختر اکبرهاشمی رفسنجانی,Daughter,
هاشمی بهرمانی، فاطمه,همسرسعید لاهوتی اشکوری,,
هاشمی بهرمانی، فاطمه,عروس حسن لاهوتی اشکوری,,
هاشمی بهرمانی، فاطمه,برادرزاده‌ی محمد هاشمی بهرمانی,,
جاسبی، عبدالله,برادرهمسرعلی عباسپورتهرانی فرد,,
جوادی آملی، عبدالله,پدرعروس سید عبدالکریم موسوی اردبیلی. نوه‌ی او (دخترحاصل ازاین ازدواج) با پسرمحمد هاشمی بهرمانی ازدواج کرده است. عموی فاطمه واعظ جوادی,,
حسینی، سید محمد,خویشاوند سببی محمد هاشمیان,,
حسینی، سید محمد,اکبرهاشمی رفسنجانی و محمدصادق خلخالی,,
خوانساری، ابوالفضل,عموی همسرمرجان هاشمی بهرمانی,,
صدوقی، محمدعلی,پدرهمسرمحمد هاشمیان وشوهرخواهرسید محمد و سید محمدرضا خاتمی,,
صدوقی، محمدعلی,همسرخواهرسید محمد وسید محمدرضا خاتمی,,
صدوقی، محمدعلی,پدرهمسرمحمد هاشمیان,,
صدوقی، محمدعلی,پسرمحمد صدوقی وهمسرمریم خاتمی,,
ظهیرنژاد، قاسمعلی,برادرهمسرسید عبدالکریم موسوی اردبیلی,,
عباسپور تهرانی فرد، علی,برادرحسن عباسپور تهرانی فرد,,
عباسپور تهرانی فرد، علی,شوهرخواهرعبدالله جاسبی,,
عباسپور تهرانی فرد، علی,برادر داماد مرتضی مطهری و برادرشوهرخواهرعلی مطهری,,
عباسپورتهرانی فرد، حسن,برادرعلی عباسپور تهرانی فرد,,
عباسپورتهرانی فرد، حسن,برادرداماد مرتضی مطهری و برادرشوهرخواهرعلی مطهری,,
لاهوتی اشکوری، حسن,پدر دو داماد اکبرهاشمی رفسنجانی,,
لاهوتی اشکوری، حمید,پسرحسن لاهوتی اشکوری وهمسرفائزه هاشمی بهرمانی,,
مرعشی، سید حسین,برادرهمسراکبرهاشمی رفسنجانی,,
مرعشی، سید حسین,همسرفریده هاشمی‌نژاد ودایی فاطمه,,
مرعشی، سید حسین,فائزه,,
مرعشی، سید حسین,محسن,,
مرعشی، سید حسین,یاسرو مهدی هاشمی بهرمانی,,
موسوی اردبیلی، سید عبدالکریم,پدربزرگ عروس محمد هاشمی بهرمانی,,
موسوی اردبیلی، سید عبدالکریم,شوهرخواهرسرلشکرقاسمعلی ظهیرنژاد,,
موسوی اردبیلی، سید عبدالکریم,پدرداماد محمود هاشمی شاهرودی و پدر داماد عبدالله جوادی آملی,,
واعظ جوادی، فاطمه,دختربرادرعبدالله جوادی آملی,,
هاشمیان، حسین,پسرعموی اکبرهاشمی رفسنجانی,,
هاشمیان، حسین,برادرمحمد هاشمیان وبرادرداماد محمدعلی صدوقی,,
هاشمیان، محمد,پسرعمووشوهرخواهراکبرهاشمی رفسنجانی ومحمد هاشمی بهرمانی,,
هاشمیان، محمد,برادرحسین هاشمیان و داماد محمدعلی صدوقی,,
خاتمی، سید روح‌الله,پدرسید محمد وسید محمدرضا خاتمی,,
خاتمی، سید محمد,پسر سید روح‌الله خاتمی,,
خاتمی، سید محمد,برادرسید محمدرضا خاتمی,,
خاتمی، سید محمد,همسرزهره صادقی,,
خاتمی، سید محمد,دایی سید محمدرضا تابش,,
خاتمی، سید محمد,برادرهمسرمحمدعلی صدوقی,,
خاتمی، سید محمد,دایی عروس محمد هاشمیان,,
خاتمی، سید محمد,دایی زن خواهرزاده علی اکبرهاشمی رفسنجانی وپدر عروس سید صادق خرازی,,
خاتمی، سید محمدرضا,پسرسید روح‌الله خاتمی,,
خاتمی، سید محمدرضا,برادرسید محمد خاتمی,,
خاتمی، سید محمدرضا,شوهرخواهرمرتضی اشراقی,,
خاتمی، سید محمدرضا,پدرعلیرضا وفاطمه خاتمی,,
خاتمی، سید محمدرضا,برادرهمسرمحمدعلی صدوقی,,
خاتمی، سید محمدرضا,همسرزهرا اشراقی,,
خاتمی، سید محمدرضا,پدرعروس برادرزن سید مسعود خامنه‌ای وپدرزن پسرسید محمدصادق خرازی. بدین‌ترتیب,,
خاتمی، سید محمدرضا,سید محمدرضا خاتمی با سید کمال خرازی,,
خاتمی، سید محمدرضا,عموی سید محمدصادق هم فامیل شده است,,
خاتمی، سید محمدرضا,پدرزنِ نوه‌ی سید محسن خرازی,,
تابش، محمدرضا,خواهرزاده‌ی سید محمد وسید محمدرضا خاتمی و برادرعلیرضا تابش,,
خرازی، محسن,پدربزرگ داماد سید محمدرضا خاتمی,,
صادقی، زهره,همسرسید محمد خاتمی,,
صادقی، زهره,دخترخاله‌ی سیده فاطمه وسید صادق طباطبایی,,
صادقی، زهره,خواهرزاده موسی صدر,,
صادقی، زهره,دخترعموی عروس سید روح الله خمینی و دخترعلی اکبر صادقی,,
صدوقی، محمد,پدرمحمدعلی صدوقی,,
صدوقی، محمد,پدرشوهرخواهرسید محمد وسید محمدرضا خاتمی وپسردایی پدرسید رضا پاک‌نژاد. وی با خانواده‌ی هاشمی رفسنجانی نیز خویشاوند است,,
لاریجانی، باقر ,داماد حسن حسن زاده آملی,,
لاریجانی، علی,پسر هوشنگ اردشیر لاریجانی (معروف به هاشم آملی),,
لاریجانی، علی,برادرصادق,,
لاریجانی، علی,محمد باقر,,
لاریجانی، علی,فاضل ومحمدجواد لاریجانی,,
لاریجانی، علی,همسرفریده مطهری,,
لاریجانی، علی,داماد مرتضی مطهری و شوهرخواهرعلی مطهری,,
لاریجانی، محمدجواد,پسرهاشم آملی و برادرعلی لاریجانی و صادق لاریجانی آملی,,
لاریجانی آملی، صادق,پسر هاشم آملی,,
لاریجانی آملی، صادق,برادرعلی لاریجانی و صادق لاریجانی آملی وداماد حسین وحید خراسانی,,
توکلی، احمد,پسرِدخترخاله‌ی علی,,
توکلی، احمد,صادق,,
توکلی، احمد,محمد باقر,,
توکلی، احمد,فاضل ومحمدجواد لاریجانی و پدرداماد صادق زیبا کلام,,
حسن زاده آملی، حسن,پدرهمسرباقرلاریجانی,,
محقق داماد، مصطفی,شوهرخواهرعلی,,
محقق داماد، مصطفی,صادق,,
محقق داماد، مصطفی,محمدباقر,,
محقق داماد، مصطفی,فاضل ومحمدجواد لاریجانی,,
محقق داماد، مصطفی,داماد هاشم آملی وفامیل مرتضی اشراقی,,
مطهری، علی,پسرمرتضی مطهری,,
مطهری، علی,برادرهمسرعلی لاریجانی وبرادرفریده مطهری,,
مطهری، فریده,دخترمرتضی مطهری,,
مطهری، فریده,خواهرعلی مطهری,,
مطهری، فریده,همسرعلی لاریجانی و زن‌ برادر صادق لاریجانی آملی و محمدجواد لاریجانی,,
مطهری، محمدتقی,برادرمرتضی مطهری,,
مطهری، محمدتقی,عموی علی وفریده مطهری وعموی همسرعلی لاریجانی,,
مطهری، مرتضی,پدرعلی وفریده مطهری,,
مطهری، مرتضی,پدرهمسرعلی لاریجانی,,
مطهری، مرتضی,برادرمحمدتقی مطهری فریمانی,,
مطهری، مرتضی,پدرزن برادر علی وحسن عباسپورتهرانی فرد,,
وحید خراسانی، حسین,پدرهمسرصادق لاریجانی,,
ناطق نوری، عباسعلی,برادراحمد وعلی‌اکبرناطق نوری وعموی همسرسید محمد [علی‌نقی] جهرمی,,
ناطق نوری، احمد,برادرعباسعلی وعلی‌اکبرناطق نوری وعموی همسرسید محمد [علی‌نقی] جهرمی,,
ناطق نوری، علی‌اکبر,برادرعباسعلی واحمد ناطق نوری,,
ناطق نوری، علی‌اکبر,داماد سید هاشم رسولی محلاتی,,
ناطق نوری، علی‌اکبر,باجناق عباس‌احمد آخوندی وسید محمدعلی شهیدی محلاتی وپدرهمسرسید محمد [علی‌نقی] جهرمی,,
آخوندی، عباس‌احمد,داماد سید هاشم رسولی محلاتی و باجناق علی‌اکبر ناطق نوری وسید محمدعلی شهیدی محلاتی,,
جهرمی، سید محمد [علی‌نقی],داماد علی‌اکبرناطق نوری,,
خلخالی، محمدصادق,برادرغفورصادقی گیوی,,
خلخالی، محمدصادق,شوهرخواهرسید هاشم رسولی محلاتی و پدرهمسراسدالله کیان‌ارثی,,
رسولی محلاتی، سید هاشم,پدرهمسران علی‌اکبرناطق‌نوری,,
رسولی محلاتی، سید هاشم,سید محمدعلی شهیدی محلاتی و عباس‌احمد آخوندی,,
رسولی محلاتی، سید هاشم,برادر همسرمحمدصادق خلخالی,,
شهیدی محلاتی، سید محمدعلی,داماد سید هاشم رسولی محلاتی,,
شهیدی محلاتی، سید محمدعلی,پدرزن پسرمحمدرضا مهدوی کنی و باجناق علی‌اکبر ناطق نوری وعباس‌احمد آخوندی,,
صادقی گیوی، غفور,برادرمحمدصادق خلخالی وبرادرشوهرخواهرسید هاشم رسولی محلاتی,,
کیان‌ارثی، اسدالله,داماد محمدصادق خلخالی,,
مهدوی کنی، محمدباقر,برادرمحمدرضا مهدوی کنی,,
دستغیب، سیدعبدالحسین,عموی سیدعلی‌محمد,,
دستغیب، سیدعبدالحسین,سیدعلی‌اصغروگوهرالشریعه دستغیب وبرادرپدربزرگ سید احمدرضا دستغیب,,
دستغیب، گوهرالشریعه,برادرزاده‌ی سیدعبدالحسین دستغیب,,
دستغیب، گوهرالشریعه,مادرهمسرمصطفی معین ودخترعموی سیدعلی‌اصغر وسیدعلی‌محمد دستغیب,,
دستغیب، سید احمدرضا,پسرسید علی‌اصغر,,
دستغیب، سید احمدرضا,برادرزاده‌ی سید علی‌محمد دستغیب ونوه‌ی برادرسید عبدالحسین دستغیب,,
دستغیب، سید علی‌اصغر,برادرزاده‌ی سیدعبدالحسین دستغیب,,
دستغیب، سید علی‌اصغر,برادرسید علی‌محمد دستغیب,,
دستغیب، سید علی‌اصغر,پدرسید احمدرضا دستغیب و پسرعموی گوهرالشریعه دستغیب,,
دستغیب، سیدعلی‌محمد,برادرزاده‌ی سیدعبدالحسین دستغیب,,
دستغیب، سیدعلی‌محمد,برادرسیدعلی‌اصغر دستغیب,,
دستغیب، سیدعلی‌محمد,عموی سید احمدرضا دستغیب و پسرعموی گوهرالشریعه دستغیب,,
معین، مصطفی,داماد گوهرالشریعه دستغیب وحسن اسدی لاری,,
خرازی، سید محمدصادق,پسرسید محسن خرازی,,
خرازی، سید محمدصادق,برادرزاده‌ سید کمال خرازی,,
خرازی، سید محمدصادق,برادرسید محمدباقر خرازی و پدر داماد سید محمدرضا خاتمی,,
خرازی، سید محمدصادق,برادرزن سید مسعود خامنه‌ای,,
آقاحسینی طباطبایی، سید حسن,برادرسید محمدتقی حسینی طباطبایی و باجناق حسن کامران,,
آقاعلیخانی، غلامعباس,فامیل قدرت‌الله ومحمدعلیخانی,,
آوایی، سید احمد,برادرسید علیرضا آوایی,,
آوایی، سید علیرضا,برادرسید احمد آوایی,,
ابتکار، معصومه,عروس سید اسماعیل هاشمی اصفهانی,,
ابتکار، معصومه,همسرسید محمد هاشمی اصفهانی ودختر فاطمه برزگر,,
ابطحی، سید محمدعلی,خواهرزاده‌ی سید حبیب هاشمی‌نژاد,,
ابوترابی فرد، سید عباس,پدرسیدعلی‌اکبروسید محمدحسن ابوترابی فرد,,
ابوترابی فرد، سید علی‌اکبر,پسرسیدعباس ابوترابی فرد وبرادرسید محمدحسن ابوترابی فرد,,
ابوترابی فرد، سید محمدحسن,پسرسید عباس ابوترابی فرد وبرادرسیدعلی‌اکبرابوترابی فرد,,
احدی، ابراهیم,خواهرزاده‌ی جعفرشجونی,,
احسان‌بخش، صادق,پدرهمسرمحمدمهدی مفتح,,
احمدنژاد، عبدالکریم,فامیل محمدرضا رحیمی,,
احمدی دانش آشتیانی، فخرالدین,پسرمحمدحسین احمدی دانش آشتیانی,,
احمدی دانش آشتیانی، محمدحسین,پدرفخرالدین احمدی دانش آشتیانی,,
احمدی‌نژاد، محمود,پدرداماد اسفندیاررحیم‌مشایی,,
احمدی‌نژاد، محمود,همسراعظم‌السادات فراحی وبرادرداوود احمدی نژاد,,
اخوان بی‌طرف، نیره,همسرحسن کامران,,
اردلان، علی,برادرزن کریم سنجابی,,
اژه‌ای، محمدجواد,داماد سید محمد بهشتی وبرادرمهدی وعلی‌اکبراژه‌ای,,
اژه‌ای، مهدی,برادرعلی‌اکبرومحمدجواد اژه‌ای و برادرداماد سید محمد بهشتی,,
استکی، رحمان,برادرمجتبی وفریدون استکی,,
استکی، فریدون,برادرمجتبی و رحمان استکی,,
استکی، مجتبی,برادر فریدون و رحمان استکی,,
اشرفی اصفهانی، عطاءالله,پدرمحمد اشرفی اصفهانی,,
اشرفی اصفهانی، محمد,پسرعطاءالله اشرفی اصفهانی,,
اصغرزاده، محمدابراهیم,همسرطاهره رضازاده و برادرزن محسن امین‌زاده,,
افتخاری، محمدحسین,پدرمحمدمهدی افتخاری,,
افتخاری، محمدمهدی,پسرمحمدحسین افتخاری,,
الهام، غلامحسین,همسرفاطمه رجبی و داماد علی دوانی,,
امانی همدانی، سعید,پدرهمسراسدالله بادامچیان,,
امانی همدانی، سعید,برادرشوهرخواهراسدالله لاجوردی و پدرداماد احمد قدیریان,,
امینیان، مختار,پدرهمسرمحمد ساجدی,,
انصاری، مجید,برادرمحمود,,
انصاری، مجید,محمدعلی وحمید انصاری,,
انگجی، سید جواد,پسرسید محمدعلی انگجی وپسرعموی همسرعبدالحسین غروی,,
انگجی، سید محمدعلی,پدرسید جواد انگجی و پسرعموی همسرعبدالحسین غروی,,
ایروانی، محمدجواد,پسریوسف ایروانی و پدرعروس محمد محمدی گیلانی,,
بادامچیان، اسدالله,پسرعمه وداماد سعید امانی همدانی,,
بادامچیان، اسدالله,برادرهمسراحمد قدیریان,,
بادامچیان، اسدالله,باجناق عزت‌الله شاهی وسید صادق اسلامی,,
بازرگان، مهدی,پدرهمسرمحمدحسین بنی‌اسدی ودایی همسرعزت‌الله سحابی,,
باقری بنابی، عبدالحمید,عموی محمد باقری بنابی,,
باقری بنابی، محمد,برادرزاده‌ی عبدالحمید باقری بنابی,,
بانکی، محمدتقی,برادرهمسرسابق عبدالکریم سروش,,
باهنر، محمدجواد,برادرمحمدرضا باهنرودایی سید مجتبی ثمره هاشمی,,
باهنر، محمدرضا,برادرمحمدجواد باهنر,,
باهنر، محمدرضا,پدرشوهرنوه‌ی علی‌اکبرمحتشمی‌پورودایی سید مجتبی ثمره هاشمی,,
بداغی، فاطمه,همسرمحمدعلی حجازی,,
بذرپاش، مهرداد,داماد علیرضا علی‌احمدی جشفقانی,,
بروجردی، علاءالدین,برادراشرف بروجردی,,
بنی‌اسدی، محمدحسین,داماد مهدی بازرگان,,
بنی‌صدر، سید ابوالحسن,برادرسید فتح‌الله بنی‌صدر,,
بنی‌صدر، سید ابوالحسن,همسرعذرا حسینی,,
بنی‌صدر، سید ابوالحسن,پدرهمسرعلیرضا نوبری وپدرهمسرسابق مسعود رجوی,,
بنی‌صدر، سید فتح‌الله,برادرسید ابوالحسن بنی‌صدروعموی همسرسابق مسعود رجوی,,
بهشتی، سید محمد,پدرهمسرمحمدجواد اژه‌ای,,
بهشتی، سید محمد,پدر سید محمد رضا بهشتی و شوهرخاله‌ی زهرا پیشگاهی‌فرد,,
پاک‌نژاد، سید رضا,برادرسیدعباس وسید محمد پاک‌نژاد ونوه‌ی عمه‌ی محمد صدوقی,,
پاک‌نژاد، سید عباس,برادرسید رضا پاک‌نژاد ونوه‌ی عمه‌ی محمد صدوقی,,
پیرمؤذن، کمال‌الدین,برادرنورالدین پیرمؤذن,,
پیرمؤذن، نورالدین,برادرکمال‌الدین پیرمؤدن,,
پیشگاهی‌فرد، زهرا,دخترخواهرهمسرسید محمد بهشتی,,
تاج‌گردون، بهرام,پسرعموی غلامرضا تاج‌گردون,,
تاج‌گردون، غلامرضا,پسرعموی بهرام تاج‌گردون,,
تندگویان، محمدجواد,پدرمحمدمهدی تندگویان,,
توسلی محلاتی، محمدرضا,پدرهمسرعیسی ولایی,,
توسلی، محمد,شوهرخواهرابراهیم یزدی وفامیل سید علی‌اکبرابوترابی فرد,,
ثمره هاشمی، سیدمجتبی,خواهرزاده‌ی محمدجواد ومحمدرضا باهنر,,
جباری، احمد,دایی ناصرشریفی,,
جنتی، احمد,پدرعلی جنتی,,
جنتی، علی,پسراحمد جنتی,,
جعفری، محمدعلی [عزیز],شوهرخواهرمحمدباقرذوالقدر,,
چمران، مصطفی,برادرمهدی چمران,,
حائری شیرازی، محمدصادق,داماد سید نورالدین حسینی هاشمی شیرازی,,
حائری شیرازی، محمدصادق,شوهرخواهرسید منیرالدین حسینی الهاشمی و باجناق حسین نجابت,,
حسن نمازی,پسرعبدالنبی نمازی,,
حسینی الهاشمی، سید منیرالدین,برادرهمسرحسین نجابت وبرادرهمسرمحمدصادق حائری شیرازی,,
حسینی شاهرودی [چیت‌سازمحمدی]، سید حسین,برادرسید حسن حسینی شاهرودی [چیت‌سازمحمدی],,
حسینی شاهرودی [چیت‌سازمحمدی] ، سید حسن,برادرسید حسین حسینی شاهرودی,,
حسینی شاهرودی، سید عبدالهادی,پسرسید محمد حسینی شاهرودی,,
حسینی شاهرودی، سید محمد,پدرسید عبدالهادی حسینی شاهرودی,,
حسینی طباطبایی، سید محمدتقی,برادرسید حسن آقاحسینی طباطبایی,,
حسینی واعظ رامیانی، سید محمود,پسرسید حسین حسینی واعظ,,
حسینی واعظ، سید حسین,پدرسید محمود حسینی واعظ رامیانی,,
حسینی، سید صفدر,پدرسیده فاطمه حسینی,,
حسینی، سید عماد,پسرعموی سید مسعود حسینی,,
حسینی، سید مسعود,پسرعموی سید عماد حسینی,,
حسینی، سید منصور,برادرسید نجیب حسینی,,
حسینی، سید نجیب,برادرسید منصورحسینی,,
حسینی، سیده فاطمه,دخترسید صفدرحسینی,,
حسینی‌نژاد، سید اکبر,برادرسید محمد حسینی‌نژاد,,
حسینی‌نژاد، سید محمد,برادرسید اکبرحسینی‌نژاد,,
خزعلی، سید ابوالقاسم,پدرهمسرمحمدهادی مروی و پدرمهدی خزعلی,,
خوشرو، سید حسن,برادرهمسرمحمدعلی کریمی [فرزند محمد ابراهیم],,
خوشرو، غلامعلی,پدرهمسرمریم فریدون (برادرزاده‌ی حسن روحانی),,
دادور، خلیل,برادرهمسرسید ابوفاضل رضوی اردکانی,,
دامادی، عزت‌الله,پدرمحمد دامادی,,
دامادی، محمد,پسرعزت‌الله دامادی,,
دانش آشتیانی، غلامرضا,برادرعلی دانش منفرد,,
دانش جعفری، داوود,همسردخترعمه‌ی سید مرتضی نبوی,,
دانش منفرد، علی,برادرغلامرضا دانش آشتیانی,,
دانشجو، فرهاد,برادر کامران وخسرو دانشجو,,
دانشجو، کامران,برادر فرهاد وخسرو دانشجو,,
دری نجف‌آبادی، قربانعلی,پدرهمسرحسام‌الدین آشنا,,
دوانی، علی,پدرهمسرغلامحسین الهام,,
ذوالقدر، سید مصطفی,پدرسیده فاطمه ذوالقدر,,
ذوالقدر، سیده فاطمه,دخترسید مصطفی ذوالقدر,,
ربانی املشی، محمدمهدی,پدرعروس حسینعلی منتظری,,
ربانی شیرازی، عبدالرحیم,پدرمحمدهادی ربانی شیرازی,,
ربانی شیرازی، محمدهادی,پسرعبدالرحیم ربانی شیرازی,,
رجایی، محمدعلی,همسرعاتقه صدیقی,,
رحیم‌مشایی، اسفندیار,پدرعروس محمود احمدی‌نژاد,,
رحیمی حاجی‌آبادی، عباس,برادرغلامرضا رحیمی حاجی‌آبادی,,
رحیمی حاجی‌آبادی، غلامرضا,برادرعباس رحیمی حاجی‌آبادی,,
رحیمی، سید فخرالدین,برادرسید نورالدین رحیمی,,
رحیمی، سید نورالدین,برادرسید فخرالدین رحیمی,,
رحیمی، محمدرضا,فامیل عبدالکریم احمدنژاد,,
رشیدی کوچی، جلیل,برادرحبیب‌الله رشیدی کوچی,,
رشیدی کوچی، حبیب‌الله,برادرجلیل رشیدی کوچی,,
رضازاده، طاهره,همسرمحمدابراهیم اصغرزاده,,
رضوی اردکانی، سید ابوفاضل,شوهرخواهرخلیل دادور,,
رفیق‌دوست، محسن,برادرمرتضی رفیق‌دوست وبرادرباجناق مصطفی تاج‌زاده,,
رمضان‌پور نرگسی، احمد,برادرقاسم رمضان‌پورنرگسی,,
رمضان‌پور نرگسی، قاسم,برادراحمد رمضان‌پورنرگسی,,
روحانی، حسن,دایی عروس غلامعلی خوشرو وهمسرصاحبه عربی,,
ری‌شهری، محمد,داماد علی‌اکبرمشکینی,,
رئیسی، سید ابراهیم,داماد سید احمدعلم‌الهدی وهمسرجمیله علم الهدی,,
سازگارنژاد، جلیل,برادرمحمدامین سازگارنژاد,,
سازگارنژاد، محمدامین,برادرجلیل سازگارنژاد,,
ستاری، سورنا,پسرمنصورستاری,,
ستاری، منصور,پدرسورنا ستاری,,
سحابی، عزت‌الله,پسریدالله سحابی وشوهرخواهرزاده‌ی مهدی بازرگان,,
سحابی، یدالله,پدرعزت‌الله سحابی,,
سنجابی، کریم,شوهرخواهرعلی اردلان,,
سید خاموشی، سید تقی,برادرسیدعلی‌نقی سید خاموشی,,
سید خاموشی، سید علی‌نقی,برادرسید تقی سید خاموشی,,
شافعی، غلامرضا,برادرکریم شافعی,,
شافعی، کریم,برادرغلامرضا شافعی,,
شاهچراغی، سید حسن,برادرزاده‌ی سید محمد شاهچراغی,,
شاهچراغی، سید محمد,عموی سید حسن شاهچراغی,,
شجاعی کیاسری، سید حسن,عموی سید رمضان شجاعی کیاسری,,
شجاعی کیاسری، سید رمضان,برادرزاده‌ی سید حسن شجاعی کیاسری,,
شجونی، جعفر,دایی ابراهیم احدی,,
شرعی، عبدالکریم,برادرمحمدعلی شرعی,,
شرعی، محمدعلی,برادرعبدالکریم شرعی,,
شریعتمداری، محمد,برادرهمسرسید عطاءالله صالحی,,
شریف‌زادگان، محمدحسین,شوهرخواهرمیرحسین موسوی,,
شریفی، ناصر,خواهرزاده‌ی احمد جباری,,
شوشتری، محمد اسماعیل,برادرنورعلی شوشتری,,
صادقی، محمدحسین,پدرمحمود صادقی,,
صادقی، محمود,پسر محمدحسین صادقی,,
صافی گلپایگانی، لطف‌الله,برادرعلی صافی گلپایگانی وداماد آیت‌الله سید محمدرضا گلپایگانی,,
صالحی لبافی‌نژاد، پروین,همسرمرتضی لبافی‌نژاد,,
صالحی، سید عطاءالله,شوهرخواهرمحمد شریعتمداری,,
صانعی، حسن,برادر یوسف صانعی,,
صانعی، یوسف,برادر حسن صانعی,,
صدر حاج سید جوادی، سید احمد,برادرعلی‌اصغر حاج سید جوادی (همسرخواهرناصرکاتوزیان),,
صدیقی، عاتقه,همسرمحمدعلی رجایی,,
صفار هرندی، محمدحسین,برادرزاده‌ی محی‌الدین فاضل هرندی و پسرخاله‌ی فخرالسادات محتشمی‌پور (همسرمصطفی تاج‌زاده ودخترعموی علی‌اکبرمحتشمی‌پور),,
صفایی، طیبه,همسررحیم قربانی,,
طالقانی، اعظم,دخترسید محمود طالقانی وخواهروحیده طالقانی,,
طالقانی، سید محمود,پدراعظم ووحیده طالقانی و پدرهمسرمحمد بسته نگار,,
طالقانی، وحیده,دخترسید محمود طالقانی وخواهراعظم طالقانی,,
طاهری خرم‌آبادی، سید حسن,پدرسید مجتبی طاهری خرم‌آبادی وفامیل سید محمدصالح طاهری خرم‌آبادی,,
طاهری خرم‌آبادی، سید مجتبی,پسرسید حسن طاهری خرم‌آبادی وفامیل سید محمدصالح طاهری خرم‌آبادی,,
طاهری خرم‌آبادی، محمدصالح,فامیل سید حسن وسید مجتبی طاهری خرم‌آبادی,,
طاهری گرگانی، حبیب‌الله,شوهرخواهرسید محمدحسن علوی حسینی,,
طاهری گرگانی، حبیب‌الله,پدرسیدعلی طاهری گرگانی وداماد سید سجاد علوی,,
طاهری گرگانی، سید علی,پسرسید حبیب‌الله طاهری گرگانی وخواهرزاده‌ی سید محمدحسن علوی حسینی,,
طباطبایی‌نژاد، سید صادق,پسرسید یوسف طباطبایی‌نژاد و برادرزاده‌ی سید عباس وسید نورالله طباطبایی‌نژاد,,
طباطبایی‌نژاد، سید عباس,برادرسید نورالله وسید یوسف طباطبایی‌نژاد وعموی سید صادق طباطبایی‌نژاد,,
طباطبایی‌نژاد، سید نورالله,برادرسید عباس وسید یوسف طباطبایی‌نژاد وعموی سید صادق طباطبایی‌نژاد,,
طباطبایی‌نژاد، سید یوسف,پدرسید صادق طباطبایی‌نژاد وبرادرسیدعباس وسید نورالله طباطبایی‌نژاد,,
طیار، اترک,پدرقرجه طیار,,
طیار، قرجه,پسراترک طیار,,
عبادی، سید علیرضا,برادرسید مهدی عبادی و پدرسید محمدباقرعبادی,,
عبادی، سید محمدباقر,پسرسید علیرضا عبادی و برادرزاده‌ی سید مهدی عبادی,,
عبادی، سید مهدی,برادرسید علیرضا عبادی وعموی سید محمدباقر عبادی,,
عبدخدایی، محمدهادی,برادرمحمدمهدی عبدخدایی,,
عرفانی، سید مجتبی,پسرسید یونس عرفانی,,
عرفانی، سید یونس,پدرسید مجتبی عرفانی,,
عسگراولادی، حبیب‌الله,برادراسدالله عسگراولادی و دایی ابوالفضل حاجی‌حیدری,,
علم‌الهدی، سید احمد,پدرهمسرسید ابراهیم رئیسی وهمسرسکینه ریخته گرزاد,,
علوی حسینی، سید محمدحسن,دایی سید علی طاهری گرگانی و برادرزن سید حبیب‌الله طاهری گرگانی,,
علوی، سید محسن,پسرسید محمود علوی,,
علوی، سید محمود,پدرسید محسن علوی,,
علی‌احمدی جشفقانی، علیرضا,پدرهمسرمهرداد بذرپاش,,
علیخانی، قدرت‌الله,پدرمحمد علیخانی وفامیل غلامعباس آقاعلیخانی,,
علیخانی، محمد,پسرقدرت‌‌الله علیخانی وفامیل غلامعباس آقاعلیخانی,,
علیزاده، احمد,برادرمحمدرضا علیزاده,,
علیزاده، محمدرضا,برادراحمد علیزاده,,
عمید زنجانی، عباسعلی,داماد سید شهاب‌الدین مرعشی نجفی,,
غروی، عبدالحسین,داماد سید حسن انگجی,,
غروی، عبدالحسین,شوهربرادرزاده‌ی سید محمدعلی انگجی وهمسردخترعموی سید جواد انگجی,,
غفاری، هادی,پسر حسین غفاری,,
غفاری، هادی,نوه‌ی میرزاعلی مقدس تبریزی,,
غفاری، هادی,برادرهمسراحمد ملازاده,,
غیوری نجف‌آبادی، سید علی,داماد دایی همسرحسینعلی منتظری,,
فاضل لنکرانی، محمد,پدرهمسرسید کاظم نورمفیدی,,
فاضل لنکرانی، محمد,پدرمحمدجواد فاضل لنکرانی وبرادرهمسرآیت‌الله مرعشی نجفی,,
فاضل هرندی، محی‌الدین,عموی محمدحسین صفارهرندی ودایی سید مصطفی تاج زاده,,
فروزنده، محمد,برادراحمد فروزنده وشوهرهمسرسابق محمد جهان‌آرا,,
فیاض‌بخش، محمدعلی,پدرنفیسه فیاض‌بخش,,
فیاض‌بخش، نفیسه,دخترمحمدعلی فیاض‌بخش,,
فیاضی، عبدالوحید,برادرمفید فیاضی,,
قاضی‌پور، نادر,داماد سید حسن واعظ موسوی انزابی,,
قاضی‌زاده هاشمی، سید احسان,برادرسید امیرحسین قاضی‌زاده هاشمی وپسرعموی سید حسن وسید حسین قاضی‌زاده هاشمی,,
قاضی‌زاده هاشمی، سید امیرحسین,برادر سید احسان قاضی‌زاده هاشمی وپسرعموی سید حسن وسید حسین قاضی‌زاده هاشمی,,
قاضی‌زاده هاشمی، سید حسن,برادرسید حسین قاضی‌زاده هاشمی وپسرعموی سید امیرحسین وسید احسان قاضی‌زاده هاشمی,,
قاضی‌زاده هاشمی، سید حسین,برادرسید حسن قاضی‌زاده هاشمی وپسرعموی سید امیرحسین وسید احسان قاضی‌زاده هاشمی,,
قدوسی، علی,داماد سید محمد حسین [علامه] طباطبایی,,
قمی، محسن,برادرمحمد قمی,,
قمی، محمد,برادرمحسن قمی,,
کامران، حسن,همسرنیره اخوان بیطرف وباجناق سید حسن آقا حسینی طباطبایی,,
کتیرایی، مرتضی,برادرمصطفی کتیرایی,,
کتیرایی، مصطفی,برادرمرتضی کتیرایی,,
کدیور، جمیله,همسرسیدعطاءالله مهاجرانی وخواهرمحسن کدیور,,
کرباسچی، غلامحسین,خواهرزاده‌ی عبدالمجید معادیخواه,,
کرمی، عبدالجبار,داماد مصطفی خرم‌دل,,
کرمی، محمد,برادرمحمدمهدی کرمی,,
کرمی، محمدمهدی,برادرمحمد کرمی,,
کروبی، فاطمه,همسرمهدی کروبی,,
کروبی، مهدی,همسرفاطمه شریفی [کروبی],,
کریمی [فرزند محمد ابراهیم]، محمدعلی,شوهرخواهرسید حسن خوشرو وداماد سید رضا خوشرو,,
کلانتری، عیسی,برادرموسی کلانتری.,,
کلانتری، موسی,برادرعیسی کلانتری.,,
کوچک‌زاده، مهدی,پدرعروس حسین مظفر.,,
کوهساری، علی,برادرغلامعلی کوهساری.,,
کوهساری، غلامعلی,برادرعلی کوهساری.,,
لاجوردی، اسدالله,به واسطه‌ی ازدواج خواهرش با برادرسعید امانی همدانی,,
لاجوردی، اسدالله,با او فامیل شده است,,
مجتهد شبستری، جواد,پسرمحسن مجتهد شبستری وبرادرزاده‌ی محمد مجتهد شبستری,,
مجتهد شبستری، محسن,برادرمحمد مجتهد شبستری وپدرجواد مجتهد شبستری,,
مجتهد شبستری، محمد,برادرمحسن مجتهد شبستری وعموی جواد مجتهد شبستری,,
مجتهدزاده، مریم,همسرسید محسن موسوی,,
محتشمی‌پور، سیدعلی‌اکبر,پدربزرگ عروس محمدرضا باهنروپسرعموی همسران مصطفی تاج‌زاده و مرتضی رفیق دوست,,
محرابیان، علی‌اکبر,فامیل احمد وحسین نجابت,,
محسنی ثانی، محمدرضا,پدرعروس عباس واعظ طبسی,,
محصولی، صادق,باجناق علی‌اکبرولایتی,,
محلوجی، حسین,خواهرزاده‌ی سید مهدی یثربی,,
محمدباقر ذوالقدر,برادرهمسرمحمدعلی [عزیز] جعفری,,
محمدی عراقی، محمود,داماد محمدتقی مصباح یزدی و پسربهاءالدین محمدی عراقی,,
محمدی گرگانی، محمد,پدرهمسراحمد زیدآبادی,,
مرعشی، سلیم,برادرصمد مرعشی,,
مرعشی، صمد,برادرسلیم مرعشی,,
مروی، محمدهادی,داماد سید ابوالقاسم خزعلی,,
مشکینی، علی‌اکبر,پدرهمسرمحمد ری‌شهری,,
مصباح یزدی، محمدتقی,پدرهمسرمحمود محمدی عراقی,,
مصطفوی کاشانی، سید احمد,پسرآیت‌الله ابوالقاسم کاشانی,,
مظفر، حسین,پدرداماد مهدی کوچک‌زاده,,
معادیخواه، عبدالمجید,دایی غلامحسین کرباسچی,,
مفتح، محمد,پدرمحمدمهدی مفتح,,
مفتح، محمدمهدی,پسرمحمد مفتح وداماد صادق احسان‌بخش,,
مقتدایی، عباس,فامیل مرتضی مقتدایی,,
مقتدایی، مرتضی,فامیل عباس مقتدایی,,
ملازاده، احمد,شوهرخواهرهادی غفاری,,
ملک‌حسینی، سید شرف‌الدین,پسرسید کرامت‌الله ملک‌حسینی,,
ملک‌حسینی، سید کرامت‌الله,پدرسید شرف‌الدین ملک‌حسینی,,
ملکوتی، علی,پسرمسلم ملکوتی,,
ملکوتی، مسلم,پدرعلی ملکوتی,,
منتظری، حسینعلی,پدرمحمدعلی واحمد منتظری,,
منتظری، حسینعلی,پدرداماد محمدمهدی ربانی املشی,,
منتظری، محمدعلی,پسرحسینعلی منتظری وبرادرداماد محمدمهدی ربانی املشی,,
مهاجرانی، سید عطاءالله,همسرجمیله کدیوروشوهرخواهرمحسن کدیور,,
موحدی کرمانی، محمدعلی,برادرمحمدمهدی موحدی کرمانی,,
موحدی کرمانی، محمدمهدی,برادرمحمدعلی موحدی کرمانی,,
موسوی اجاق، سید آیت‌الله,برادرسید مجتبی موسوی اجاق,,
موسوی اجاق، سید مجتبی,برادرسید آیت‌الله موسوی اجاق,,
موسوی تبریزی [پورمیرغفاری]، سید حسن,برادرسید حسین وسید محسن موسوی تبریزی,,
موسوی تبریزی [پورمیرغفاری]، سید حسین,برادرسید حسن و سید محسن موسوی تبریزی وداماد حسین نوری همدانی,,
موسوی تبریزی [پورمیرغفاری]، سید محسن,برادرسید حسن وسید حسین موسوی تبریزی,,
موسوی حسینی، علی‌اکبر,پدرهمسرحسین طائب,,
موسوی، میرحسین,برادرهمسرمحمدحسین شریف‌زادگان. مادربزرگ اوعمه‌ی سید علی خامنه‌ای است,,
مؤدب‌پور، سید محمد,فامیل سید مجتبی مؤدب‌پور,,
میلانی حسینی، سید محمد,برادرسید محمدرضا میلانی حسینی,,
میلانی حسینی، سید محمدرضا,برادرسید محمد میلانی حسینی,,
نبوی، سید مرتضی,دخترعمه‌ی اوهمسرداوود دانش جعفری است,,
نجابت، احمد,برادرحسین نجابت,,
نجابت، احمد,برادرشوهرخواهرسید منیرالدین حسینی الهاشمی وفامیل علی‌اکبر [غلامحسین] محرابیان,,
نجابت، حسین,برادر احمد نجابت,,
نجابت، حسین,شوهرخواهرسید منیرالدین حسینی الهاشمی,,
نجابت، حسین,باجناق محمد صادق حا ئری شیرازی و فامیل علی‌اکبر [غلامحسین] محرابیان,,
نمازی، عبدالنبی,پدرحسن نمازی,,
نوبخت حقیقی، علی,برادرمحمدباقرنوبخت حقیقی,,
نوبخت حقیقی، محمدباقر,برادرعلی نوبخت حقیقی,,
نوبری، علیرضا,داماد سید ابوالحسن بنی‌صدر,,
نورمفیدی، سید کاظم,داماد محمد فاضل لنکرانی,,
نوری همدانی، حسین,پدرهمسرسید حسین موسوی تبریزی [پورمیرغفاری],,
نوری، عبدالله,برادرعلیرضا نوری,,
نوری، علیرضا,برادرعبدالله نوری,,
هاشمی اصفهانی، سید اسماعیل,پدرهمسرمعصومه ابتکار,,
هاشمی گلپایگانی، سید محمدرضا,نوه‌ی سید جمال‌الدین هاشمی گلپایگانی و برادرزاده‌ی سید علی هاشمی گلپایگانی,,
هاشمی‌نژاد، سید حبیب,دایی سید محمدعلی ابطحی,,
هاشمی شاهرودی، سید محمود,پدرعروس سید عبدالکریم موسوی اردبیلی,,
هزارجریبی، غلامعلی,پدرنبی هزارجریبی,,
هزارجریبی، نبی,پسرغلامعلی هزارجریبی,,
واعظ طبسی، عباس,پدرداماد محمدرضا محسنی ثانی,,
واعظ موسوی انزابی، سید حسن,پدرهمسرنادرقاضی‌پور,,
واعظی، فرج‌الله,پدرمحمدتقی واعظی,,
واعظی، محمدتقی,پدرفرج‌الله واعظی,,
ولایتی، علی‌اکبر,باجناق صادق محصولی,,
ولایی، عیسی,داماد محمدرضا توسلی محلاتی,,
یثربی، سید مهدی,دایی حسین محلوجی,,
یزدی، ابراهیم,برادرهمسرمحمد توسلی,,
یونسی، علی,پدرداماد سید احمد زرگر,,